-- phpMyAdmin SQL Dump
-- version 5.0.2
-- https://www.phpmyadmin.net/
--
-- Host: 127.0.0.1
-- Generation Time: May 12, 2021 at 06:07 PM
-- Server version: 10.4.11-MariaDB
-- PHP Version: 7.4.6

SET SQL_MODE = "NO_AUTO_VALUE_ON_ZERO";
START TRANSACTION;
SET time_zone = "+00:00";


/*!40101 SET @OLD_CHARACTER_SET_CLIENT=@@CHARACTER_SET_CLIENT */;
/*!40101 SET @OLD_CHARACTER_SET_RESULTS=@@CHARACTER_SET_RESULTS */;
/*!40101 SET @OLD_COLLATION_CONNECTION=@@COLLATION_CONNECTION */;
/*!40101 SET NAMES utf8mb4 */;

--
-- Database: `hotel`
--

-- --------------------------------------------------------

--
-- Table structure for table `customer`
--

CREATE TABLE `customer` (
  `customer_id` int(5) NOT NULL,
  `name` varchar(25) NOT NULL,
  `sex` int(2) NOT NULL,
  `dob` date NOT NULL,
  `phone` varchar(20) NOT NULL,
  `email` varchar(50) NOT NULL,
  `arrival_date` datetime DEFAULT NULL,
  `identification_no` varchar(7) NOT NULL,
  `certification_auth` varchar(25) NOT NULL
) ENGINE=InnoDB DEFAULT CHARSET=utf8mb4;

--
-- Dumping data for table `customer`
--

INSERT INTO `customer` (`customer_id`, `name`, `sex`, `dob`, `phone`, `email`, `arrival_date`, `identification_no`, `certification_auth`) VALUES
(1, 'Kyle Osborne', 3, '1964-05-08', '1-324-779-0285', 'lorem.sit@vulputatenisi.com', NULL, 'L2Z 6Z1', 'Germany'),
(2, 'Quamar Flynn', 2, '1986-05-03', '1-366-319-9890', 'Phasellus.ornare.Fusce@porttitorscelerisque.org', NULL, 'Y8B 3K5', 'Germany'),
(3, 'Denise Shepherd', 2, '1978-12-26', '1-142-727-4898', 'lacus@odioAliquamvulputate.edu', NULL, 'R7M 0L0', 'Greece'),
(4, 'Brandon Norton', 1, '1960-05-02', '1-961-680-4184', 'tincidunt.nibh@malesuadavel.co.uk', NULL, 'J2E 8K5', 'United Kingdom'),
(5, 'Faith Nash', 2, '1972-02-14', '1-195-504-2019', 'ornare@molestieorcitincidunt.co.uk', NULL, 'C3U 6Q4', 'USA'),
(6, 'Lewis Hughes', 2, '1982-11-25', '1-956-341-2017', 'ultrices.Vivamus@non.com', NULL, 'X0K 2H1', 'USA'),
(7, 'Laith Mays', 1, '1967-06-23', '1-562-130-8291', 'id.ante@egetlaoreet.ca', NULL, 'K2U 4O5', 'Germany'),
(8, 'Doris Willis', 1, '1986-12-18', '1-858-432-0355', 'aliquet@mollis.org', NULL, 'Q2R 4U3', 'United Kingdom'),
(9, 'Iona Medina', 1, '1996-01-29', '1-680-907-3857', 'Nulla@auctorodio.com', NULL, 'B0N 3Z1', 'Greece'),
(10, 'Kieran Hendrix', 3, '1960-04-13', '1-633-348-0057', 'eget@tinciduntdui.edu', NULL, 'F0J 4C3', 'USA'),
(11, 'Bert Aguilar', 1, '1997-04-22', '1-360-687-4223', 'scelerisque.neque.sed@bibendum.org', NULL, 'D8B 0M0', 'USA'),
(12, 'Lewis Vazquez', 3, '1998-06-27', '1-822-357-0397', 'Donec.non.justo@Sed.net', NULL, 'U6S 1O8', 'United Kingdom'),
(13, 'Beau Harmon', 1, '1986-11-06', '1-678-351-5557', 'massa.Mauris@sodalesnisimagna.co.uk', NULL, 'Q2U 8B0', 'Greece'),
(14, 'Sybil Hahn', 3, '1992-10-28', '1-455-429-9230', 'euismod.enim@rhoncusid.ca', NULL, 'K5V 8I4', 'Greece'),
(15, 'Galena Johnson', 1, '1974-03-14', '1-859-289-6855', 'Donec.tempus@Namacnulla.ca', NULL, 'A0M 0I9', 'Germany'),
(16, 'Zephr Wood', 2, '1992-10-04', '1-917-896-6614', 'Curabitur@musDonecdignissim.ca', NULL, 'I5W 9N8', 'USA'),
(17, 'Arden Welch', 1, '1960-01-01', '1-383-846-6889', 'Nunc.laoreet@acipsum.net', NULL, 'M7D 0D3', 'Germany'),
(18, 'Blaine Wilder', 3, '1988-06-10', '1-480-225-4884', 'at@elitpretiumet.org', NULL, 'E6P 1Z2', 'United Kingdom'),
(19, 'Ross Fischer', 2, '1967-12-23', '1-605-903-7453', 'enim@quislectus.co.uk', NULL, 'O9H 7H1', 'Greece'),
(20, 'Sylvia Buckner', 2, '1983-09-22', '1-962-836-2598', 'magna.Suspendisse@amet.com', NULL, 'S5O 6W1', 'USA'),
(21, 'Donna Burton', 1, '1994-03-22', '1-970-360-8998', 'in.consectetuer@libero.co.uk', NULL, 'K8A 9S2', 'United Kingdom'),
(22, 'Lael Fleming', 2, '1962-02-18', '1-109-185-3643', 'eget.tincidunt@dolor.ca', NULL, 'K4K 2T7', 'United Kingdom'),
(23, 'Charles Hewitt', 3, '1981-12-10', '1-487-270-3237', 'elit.sed.consequat@nec.org', NULL, 'M0H 2F3', 'United Kingdom'),
(24, 'Ivan Diaz', 1, '1998-01-17', '1-816-214-9512', 'nonummy@ipsumDonecsollicitudin.ca', NULL, 'I4J 3W9', 'United Kingdom'),
(25, 'Brynn Lambert', 1, '1971-11-05', '1-882-392-5923', 'enim.Suspendisse@imperdiet.com', NULL, 'B8I 7A1', 'Greece'),
(26, 'Anastasia Webb', 1, '1985-03-17', '1-176-404-0252', 'urna@dolordapibus.org', NULL, 'O8W 1D7', 'Germany'),
(27, 'Gloria Morales', 1, '1991-11-28', '1-506-949-4258', 'Etiam.gravida@turpisNulla.org', NULL, 'N3Y 9I1', 'United Kingdom'),
(28, 'Marsden Hogan', 1, '1997-01-06', '1-244-842-6444', 'sollicitudin.commodo@eunequepellentesque.ca', NULL, 'E7Z 8X9', 'Germany'),
(29, 'Neve Workman', 1, '1984-07-05', '1-558-665-0033', 'pede@seddictumeleifend.com', NULL, 'A9Q 5B9', 'Greece'),
(30, 'Rina Duke', 1, '1981-03-02', '1-837-977-0699', 'erat.eget.ipsum@ideratEtiam.co.uk', NULL, 'Y3B 9O4', 'Germany'),
(31, 'Kameko Bender', 2, '1971-08-14', '1-446-880-7536', 'tincidunt.Donec@a.edu', NULL, 'D9W 2E4', 'Greece'),
(32, 'Reese Cardenas', 2, '1985-08-03', '1-993-474-6199', 'ac.arcu@vestibulum.edu', NULL, 'C8V 1Z8', 'USA'),
(33, 'Abel Christensen', 2, '1972-07-27', '1-465-220-0512', 'adipiscing.fringilla.porttitor@magnisdis.com', NULL, 'B4O 7M3', 'USA'),
(34, 'Dolan Mayer', 3, '1965-05-19', '1-957-164-0114', 'Vestibulum.ante.ipsum@tristique.org', NULL, 'Q6L 5Q4', 'United Kingdom'),
(35, 'Maite Collins', 1, '1991-06-29', '1-620-945-9247', 'Maecenas.malesuada@sitametconsectetuer.net', NULL, 'Y3A 4G9', 'Germany'),
(36, 'Clinton Beasley', 3, '1983-09-11', '1-524-515-2757', 'consectetuer.adipisc@lectusrutrumurna.co.uk', NULL, 'V1F 6T9', 'Germany'),
(37, 'Thomas Reilly', 2, '1967-12-30', '1-852-346-8394', 'dapibus.id@interdum.org', NULL, 'W8Y 0M3', 'USA'),
(38, 'Joy Love', 1, '1982-10-18', '1-431-753-7097', 'Proin.non.massa@gravidamaurisut.co.uk', NULL, 'D3A 1M4', 'United Kingdom'),
(39, 'Aladdin Carr', 1, '1992-07-25', '1-592-358-8227', 'Nunc.mauris@arcuvel.org', NULL, 'E1C 1H6', 'Greece'),
(40, 'William Harding', 3, '1983-12-03', '1-592-850-7163', 'semper.tellus.id@ametmassaQuisque.com', NULL, 'A4E 2N8', 'United Kingdom'),
(41, 'Emmanuel Mccray', 3, '1968-12-25', '1-838-686-4586', 'Pellentesque@Aeneanmassa.org', NULL, 'L4Q 0G9', 'Germany'),
(42, 'Aristotle Mann', 2, '1990-02-12', '1-993-144-9026', 'nec@lacusQuisqueimperdiet.edu', NULL, 'X2A 9Q1', 'USA'),
(43, 'Erasmus Hancock', 3, '1985-12-30', '1-367-354-4770', 'orci.Donec@Suspendisse.co.uk', NULL, 'Q5I 2Q9', 'Germany'),
(44, 'Galena Wilkerson', 1, '1996-10-03', '1-235-608-4100', 'est.vitae.sodales@dictumultriciesligula.net', NULL, 'Z4H 8M3', 'Germany'),
(45, 'Nayda Greene', 1, '1993-07-20', '1-929-418-5662', 'Aenean@semmagna.co.uk', NULL, 'O4N 8V1', 'Germany'),
(46, 'Charde Crawford', 1, '1974-09-05', '1-221-506-2575', 'id.blandit.at@at.com', NULL, 'T7R 4K5', 'Germany'),
(47, 'Jonah Cunningham', 3, '1966-11-22', '1-533-712-9671', 'fermentum.metus.Aenean@tellusPhasellus.com', NULL, 'S9W 6T1', 'Greece'),
(48, 'Jada Charles', 1, '1970-05-14', '1-895-943-3187', 'venenatis@nisl.ca', NULL, 'D4M 9F1', 'Greece'),
(49, 'Eaton Garrison', 3, '1975-06-29', '1-103-483-1023', 'lacus.Mauris.non@eueratsemper.edu', NULL, 'Q5T 6K8', 'United Kingdom'),
(50, 'Yasir Carson', 1, '1986-05-05', '1-979-142-6538', 'eu.ultrices@aliquetmagnaa.co.uk', NULL, 'O8P 4K2', 'Greece'),
(51, 'Aristotle Casey', 3, '1984-04-22', '1-853-256-1957', 'iaculis@Vestibulumante.co.uk', NULL, 'F9B 2R1', 'USA'),
(52, 'Reese Hess', 2, '1989-09-30', '1-204-918-2238', 'et@eutellus.org', NULL, 'V5U 6D0', 'USA'),
(53, 'Anika Mcconnell', 2, '1989-10-24', '1-881-814-4440', 'vitae.erat@gravidanonsollicitudin.co.uk', NULL, 'Y9X 7J6', 'USA'),
(54, 'Caldwell Finch', 1, '1983-01-08', '1-994-819-6641', 'nisi@Curabiturvel.org', NULL, 'A6E 0D4', 'Germany'),
(55, 'Laurel Baird', 3, '1996-10-16', '1-838-715-4077', 'Quisque@quamvel.net', NULL, 'R5U 8F6', 'USA'),
(56, 'Mannix Wade', 2, '1974-11-08', '1-856-861-4233', 'ipsum@leoinlobortis.com', NULL, 'V7O 0Q1', 'Germany'),
(57, 'Donna Lawson', 2, '1999-12-19', '1-689-608-7780', 'a.facilisis.non@Sedeu.co.uk', NULL, 'X6I 9M2', 'USA'),
(58, 'Clinton Warren', 2, '1992-03-07', '1-301-955-5445', 'dignissim.pharetra@lobortisnisinibh.co.uk', NULL, 'I6W 7E3', 'USA'),
(59, 'Ralph Aguirre', 1, '1965-09-04', '1-188-720-6628', 'pede@SedmolestieSed.ca', NULL, 'M4Q 3O2', 'USA'),
(60, 'Quincy Bell', 3, '1972-08-07', '1-671-618-0528', 'magnis.dis.parturient@volutpatnunc.org', NULL, 'B9Q 5G2', 'Germany'),
(61, 'Rooney Doyle', 2, '1996-03-12', '1-418-918-0762', 'Suspendisse.ac.metus@sagittissemper.co.uk', NULL, 'A5J 0F6', 'Germany'),
(62, 'Miriam Hendrix', 3, '1980-02-16', '1-921-726-9414', 'a.sollicitudin@velitCras.com', NULL, 'Y7Z 5R0', 'USA'),
(63, 'Lucius Wilcox', 3, '1970-04-19', '1-314-244-4379', 'cubilia@utaliquamiaculis.net', NULL, 'K4H 3K6', 'United Kingdom'),
(64, 'Abdul Estes', 3, '1987-10-29', '1-299-232-4961', 'volutpat@etmagnis.org', NULL, 'V2P 6T6', 'United Kingdom'),
(65, 'Giacomo Mcintosh', 1, '1981-07-13', '1-951-949-0369', 'adipiscing.elit.Aliquam@tacitisociosquad.com', NULL, 'I7K 1M8', 'United Kingdom'),
(66, 'Victoria Shannon', 3, '1981-11-23', '1-764-662-0053', 'blandit.Nam@sed.edu', NULL, 'M0D 0B2', 'Germany'),
(67, 'Malik Pope', 2, '1977-10-07', '1-871-645-5766', 'nec.luctus@interdumSed.ca', NULL, 'T6N 6S9', 'United Kingdom'),
(68, 'Mia Gilmore', 2, '1971-03-23', '1-536-991-3411', 'Nunc.laoreet@pedePraesent.net', NULL, 'F8N 8B2', 'USA'),
(69, 'Chase Hoffman', 2, '1975-01-31', '1-159-536-9582', 'tempus.scelerisque@semper.net', NULL, 'D0E 0J2', 'Germany'),
(70, 'Casey Saunders', 1, '1981-01-26', '1-731-849-6380', 'enim.nec@Etiam.co.uk', NULL, 'B3C 1A7', 'USA'),
(71, 'Marvin Cameron', 2, '1991-05-19', '1-110-269-3202', 'Donec@odioAliquamvulputate.org', NULL, 'D4O 3G0', 'United Kingdom'),
(72, 'Dominic Daugherty', 1, '1983-12-01', '1-718-815-3776', 'luctus.lobortis@tempordiamdictum.com', NULL, 'G4Y 9C3', 'Greece'),
(73, 'Emery Valencia', 3, '1975-07-29', '1-799-552-0457', 'erat.eget.tincidunt@elementumlorem.edu', NULL, 'Q0Q 3L4', 'USA'),
(74, 'Slade Shaw', 3, '1967-11-10', '1-674-776-2510', 'dapibus@interdumSed.net', NULL, 'O9F 5T0', 'Greece'),
(75, 'Virginia Gillespie', 1, '1989-09-08', '1-170-107-2264', 'Vivamus@cursuspurusNullam.org', NULL, 'U0T 6X4', 'Greece'),
(76, 'Belle Berry', 3, '1964-12-27', '1-695-386-4563', 'nisl@a.com', NULL, 'T2Q 7E2', 'Greece'),
(77, 'Brandon Cochran', 2, '1969-05-02', '1-173-576-4272', 'metus.eu.erat@nonante.ca', NULL, 'Z0T 2V0', 'Greece'),
(78, 'Laith Reed', 2, '1963-05-08', '1-684-103-2588', 'at@lorem.edu', NULL, 'M6P 7U8', 'Germany'),
(79, 'Susan Hubbard', 3, '1980-10-01', '1-348-545-4136', 'tincidunt.aliquam.arcu@penatibuset.com', NULL, 'I7J 1Z6', 'United Kingdom'),
(80, 'Lunea Strong', 2, '1983-08-08', '1-935-193-7333', 'ornare.lectus.ante@sodaleseliterat.net', NULL, 'B9R 9A4', 'Germany'),
(81, 'Jocelyn Peters', 1, '1972-11-17', '1-746-257-8636', 'libero.est@accumsansed.ca', NULL, 'N6I 9A1', 'Germany'),
(82, 'Lucian Gibson', 1, '1993-11-18', '1-705-857-9936', 'elementum@Duis.edu', NULL, 'P4U 7S5', 'Germany'),
(83, 'Athena Levy', 3, '1966-04-02', '1-756-301-6631', 'sit@faucibusleoin.org', NULL, 'I3F 1H4', 'United Kingdom'),
(84, 'Isabelle Christensen', 2, '1961-12-19', '1-431-192-3938', 'erat@auctor.com', NULL, 'W2G 8U8', 'United Kingdom'),
(85, 'Burton Dudley', 1, '1968-03-15', '1-717-208-9583', 'enim.commodo@Integervitae.com', NULL, 'Z8G 1Q8', 'Germany'),
(86, 'Hamilton Bailey', 3, '1994-02-04', '1-139-161-0332', 'ornare.libero@vitaesodalesnisi.ca', NULL, 'Q0P 3P0', 'Germany'),
(87, 'Grant Roth', 3, '1972-11-20', '1-377-303-6817', 'interdum.Sed.auctor@ipsumportaelit.org', NULL, 'N4K 0Y4', 'USA'),
(88, 'Holmes Adams', 2, '1991-09-09', '1-275-535-4234', 'Fusce.aliquam.enim@eratnequenon.org', NULL, 'F8W 0N5', 'United Kingdom'),
(89, 'Holly Wolfe', 3, '1962-06-07', '1-173-345-7531', 'molestie.tellus@Aenean.org', NULL, 'O8I 4R8', 'United Kingdom'),
(90, 'Ronan Mccray', 2, '1969-04-30', '1-152-295-4595', 'risus@vestibulumneceuismod.ca', NULL, 'V8G 0P7', 'USA'),
(91, 'Giacomo Gomez', 2, '1995-06-21', '1-688-381-5093', 'sem.ut.dolor@pretiumetrutrum.net', NULL, 'G9J 6Y6', 'USA'),
(92, 'Alisa Clemons', 2, '1986-05-20', '1-469-189-8800', 'sed@Suspendisse.net', NULL, 'P8O 7X5', 'Germany'),
(93, 'Beck Hawkins', 3, '1984-10-16', '1-606-236-7865', 'mollis.Phasellus@erat.net', NULL, 'W5C 9H2', 'Germany'),
(94, 'Hadley Yang', 1, '1991-03-11', '1-740-147-7489', 'Integer@tellus.ca', NULL, 'H6J 5Q8', 'United Kingdom'),
(95, 'Kylee Dudley', 1, '1981-12-06', '1-687-604-7867', 'pellentesque@sodales.com', NULL, 'F3N 9J1', 'United Kingdom'),
(96, 'Scarlet Doyle', 1, '1972-07-03', '1-555-596-3105', 'porttitor.interdum@duiFusce.com', NULL, 'O3G 6E3', 'Germany'),
(97, 'Cameron Mccray', 2, '1973-03-11', '1-764-970-1173', 'Lorem@ligulaconsectetuerrhoncus.co.uk', NULL, 'D0I 5P5', 'USA'),
(98, 'Hedley Duke', 1, '1983-05-19', '1-350-141-5740', 'nisi@estvitaesodales.co.uk', NULL, 'D9R 9R8', 'Germany'),
(99, 'Ashely Ashley', 2, '1983-11-16', '1-627-466-3734', 'tristique.pellentesque@auguescelerisque.edu', NULL, 'R0K 3H8', 'United Kingdom'),
(100, 'Mia Carey', 3, '1987-06-14', '1-809-906-4095', 'orci.lobortis.augue@Suspendisseacmetus.ca', NULL, 'G7R 2D6', 'United Kingdom'),
(101, 'Nash Sherman', 3, '1983-01-22', '1-628-215-0640', 'mollis@congueelitsed.co.uk', NULL, 'J6D 5C5', 'Greece'),
(102, 'Wesley Cunningham', 3, '1976-08-08', '1-574-102-9815', 'Fusce@turpisegestas.net', NULL, 'T7N 9N6', 'Greece'),
(103, 'Dora Patterson', 2, '1982-01-04', '1-988-662-6152', 'Duis.gravida@ametmetusAliquam.org', NULL, 'K4R 2C8', 'USA'),
(104, 'Mollie Combs', 1, '1962-03-24', '1-868-570-2139', 'convallis@egetmetusIn.net', NULL, 'O0G 2T0', 'USA'),
(105, 'Zachery Watkins', 3, '1983-07-13', '1-666-964-6537', 'Nulla.aliquet.Proin@non.ca', NULL, 'T2C 2J5', 'Greece'),
(106, 'Blaine Sherman', 3, '1963-06-30', '1-313-417-7629', 'Vivamus.nibh.dolor@tellusjustosit.org', NULL, 'L6B 7T5', 'USA'),
(107, 'Claudia Castaneda', 3, '1994-03-23', '1-687-504-7526', 'porttitor.eros@orciDonecnibh.co.uk', NULL, 'L3C 2C5', 'Germany'),
(108, 'Burke Barr', 3, '1968-11-16', '1-861-437-7389', 'Quisque@diamvelarcu.ca', NULL, 'E1O 4D1', 'United Kingdom'),
(109, 'Troy Wilkinson', 2, '1996-07-08', '1-158-767-1515', 'Sed@tellusAenean.ca', NULL, 'B8F 6R5', 'Germany'),
(110, 'William Slater', 1, '1963-07-15', '1-711-134-0657', 'aliquam.enim.nec@luctussit.co.uk', NULL, 'J1T 6N8', 'Germany'),
(111, 'Elliott Cabrera', 3, '1996-05-12', '1-201-869-7414', 'ultricies@nisiAeneaneget.com', NULL, 'J4Q 2W5', 'USA'),
(112, 'Shad Schneider', 3, '1968-10-19', '1-714-380-2614', 'non.dui.nec@Integerid.net', NULL, 'Y8F 8Z4', 'USA'),
(113, 'Colby Hines', 1, '1989-12-07', '1-331-713-6191', 'ut.quam.vel@temporlorem.net', NULL, 'B6K 3H0', 'Germany'),
(114, 'Angela Cunningham', 2, '1968-10-05', '1-151-965-5607', 'ut.cursus@sociis.edu', NULL, 'O2C 2T8', 'Greece'),
(115, 'Claire Whitaker', 2, '1985-12-19', '1-358-452-5448', 'gravida.Aliquam@mifelis.edu', NULL, 'H3M 7V9', 'Germany'),
(116, 'Adrian Collier', 2, '1971-09-02', '1-590-455-5828', 'iaculis@dictum.ca', NULL, 'P1K 0E1', 'Greece'),
(117, 'Scarlett Rich', 3, '1997-05-12', '1-888-333-2240', 'Cras@duiSuspendisseac.ca', NULL, 'R3P 1K5', 'USA'),
(118, 'Karen Hurley', 2, '1986-08-03', '1-408-330-0886', 'ante.ipsum@nislMaecenasmalesuada.com', NULL, 'W7T 0D5', 'Greece'),
(119, 'Jonah Torres', 2, '1985-04-01', '1-114-742-9266', 'feugiat@velpede.ca', NULL, 'D1Z 4X3', 'Germany'),
(120, 'Anne Davenport', 2, '1988-10-28', '1-584-143-7275', 'dui.Cras@antedictum.ca', NULL, 'M4E 1O3', 'United Kingdom'),
(121, 'Aaron Mitchell', 3, '1996-04-24', '1-941-828-3814', 'arcu.Vivamus.sit@penatibuset.co.uk', NULL, 'J9W 8K8', 'Germany'),
(122, 'Claire Willis', 2, '1968-07-25', '1-575-755-5657', 'et.rutrum@rhoncusDonec.edu', NULL, 'K4T 9Y5', 'United Kingdom'),
(123, 'Theodore Greer', 3, '1981-01-20', '1-524-466-8591', 'id.libero.Donec@sed.net', NULL, 'Y2D 8R1', 'Greece'),
(124, 'Channing Dorsey', 3, '1970-09-01', '1-256-885-4453', 'est.mollis@ultricies.ca', NULL, 'Y0G 6E2', 'USA'),
(125, 'Joelle Lancaster', 1, '1977-10-30', '1-653-410-4161', 'pede.Cras@convallis.com', NULL, 'X3U 6J6', 'United Kingdom'),
(126, 'Meredith Randolph', 2, '1983-08-24', '1-749-421-6554', 'sem.magna@ipsumprimisin.co.uk', NULL, 'M1U 8X4', 'Greece'),
(127, 'Kuame Snyder', 3, '1992-07-15', '1-541-390-8167', 'quam.Pellentesque@dictumsapien.ca', NULL, 'O2H 9B8', 'United Kingdom'),
(128, 'Georgia Rhodes', 2, '1985-04-23', '1-747-782-0551', 'urna.Nunc@Praesent.com', NULL, 'E2T 2M7', 'USA'),
(129, 'Mollie Schultz', 1, '1973-12-31', '1-189-809-7105', 'non@indolorFusce.ca', NULL, 'L4D 1B9', 'Greece'),
(130, 'Pearl Hodges', 2, '1986-03-07', '1-106-594-0831', 'nibh.sit@ipsumSuspendisse.ca', NULL, 'B9Q 8Y2', 'Greece'),
(131, 'Alexis Dalton', 1, '1993-08-10', '1-219-734-7638', 'hendrerit@atpedeCras.com', NULL, 'S6K 5K4', 'Germany'),
(132, 'Suki Mcknight', 3, '1985-08-09', '1-495-333-6453', 'neque.Morbi@Maecenasornareegestas.org', NULL, 'T8O 6S6', 'United Kingdom'),
(133, 'Yeo Carpenter', 2, '1975-11-07', '1-480-342-8970', 'Fusce.fermentum.fermentum@Morbiaccumsanlaoreet.ca', NULL, 'L4N 6J6', 'Greece'),
(134, 'Patience Neal', 1, '1984-06-25', '1-848-553-8535', 'augue.porttitor.interdum@tortorNunccommodo.net', NULL, 'M7U 2W6', 'United Kingdom'),
(135, 'Rebekah Delgado', 3, '1992-11-26', '1-986-816-8535', 'Nunc@nec.edu', NULL, 'S9I 5A5', 'Greece'),
(136, 'Irma Mccoy', 2, '1988-08-11', '1-825-336-9190', 'Pellentesque@consequatdolor.co.uk', NULL, 'O0I 8D0', 'USA'),
(137, 'Jolie Johns', 1, '1964-06-21', '1-699-727-1919', 'justo.sit.amet@Fuscealiquam.co.uk', NULL, 'L1V 0O4', 'Greece'),
(138, 'Geoffrey Mckay', 1, '1975-09-24', '1-718-168-2141', 'tincidunt.neque@nullaIntegervulputate.net', NULL, 'H7B 6B3', 'Germany'),
(139, 'Jonah Alford', 3, '1989-04-23', '1-898-503-3897', 'a.dui.Cras@enimdiam.edu', NULL, 'Q8J 3L2', 'USA'),
(140, 'Sopoline Herman', 2, '1990-12-11', '1-178-765-7191', 'malesuada@sociosquad.ca', NULL, 'R0I 9V3', 'Germany'),
(141, 'Wesley Moon', 2, '1992-12-11', '1-465-208-1712', 'purus.Duis.elementum@ametrisusDonec.co.uk', NULL, 'P2H 7B2', 'United Kingdom'),
(142, 'Hall Gordon', 3, '1966-03-25', '1-443-100-4944', 'elit@ornareelit.ca', NULL, 'E5P 8Y1', 'United Kingdom'),
(143, 'Camden Sargent', 3, '1990-11-17', '1-553-741-2834', 'eget@antelectus.com', NULL, 'M1I 4H3', 'Greece'),
(144, 'Knox Bernard', 1, '1995-11-18', '1-803-393-3720', 'enim@nequepellentesquemassa.com', NULL, 'H4I 8U2', 'United Kingdom'),
(145, 'Conan Dejesus', 2, '1985-07-01', '1-948-327-1532', 'Aliquam.nec.enim@cursus.net', NULL, 'E1H 5V8', 'United Kingdom'),
(146, 'Rigel Castillo', 2, '1986-02-09', '1-532-572-4287', 'orci.Donec@sem.net', NULL, 'D4H 0E8', 'Greece'),
(147, 'Tara Austin', 3, '1993-05-20', '1-337-754-9563', 'erat.vitae.risus@eu.org', NULL, 'P5I 6L8', 'USA'),
(148, 'Amery Schmidt', 2, '1988-10-19', '1-218-794-9504', 'quis.arcu@Maurismolestiepharetra.ca', NULL, 'R5Q 4L0', 'Greece'),
(149, 'Veda Bennett', 2, '1993-08-02', '1-956-191-0511', 'tortor.dictum@fringillaporttitorvulputate.ca', NULL, 'R8L 4X1', 'Greece'),
(150, 'Igor Mayo', 2, '1960-09-20', '1-317-370-8444', 'tellus.Phasellus@velitdui.co.uk', NULL, 'I6B 2L1', 'Greece'),
(151, 'Eaton Stone', 2, '1973-01-17', '1-364-285-4753', 'rhoncus.Proin.nisl@arcueu.edu', NULL, 'J9L 6G7', 'United Kingdom'),
(152, 'Zoe Hanson', 3, '1985-01-08', '1-446-870-3570', 'luctus@ipsumleo.org', NULL, 'T1J 5F3', 'United Kingdom'),
(153, 'Priscilla Waters', 3, '1977-01-16', '1-337-456-2112', 'magna.malesuada@eratvitae.edu', NULL, 'X0U 0R9', 'USA'),
(154, 'Emerson Everett', 3, '1992-06-29', '1-399-208-5999', 'sapien.Nunc.pulvinar@convallisestvitae.org', NULL, 'T8Z 0T2', 'United Kingdom'),
(155, 'Silas Vaughn', 3, '1991-03-06', '1-579-547-9111', 'metus.eu.erat@id.ca', NULL, 'V9I 0O4', 'USA'),
(156, 'Thor Austin', 2, '1963-08-28', '1-517-504-1049', 'nec.mollis.vitae@mipede.net', NULL, 'J5L 0O6', 'United Kingdom'),
(157, 'Connor Contreras', 2, '1985-05-15', '1-779-471-3421', 'sit.amet.risus@etnetuset.edu', NULL, 'C1C 4H3', 'USA'),
(158, 'Graiden Wade', 3, '1985-07-21', '1-334-553-0338', 'Curabitur@magnaSuspendissetristique.edu', NULL, 'M5F 0G9', 'United Kingdom'),
(159, 'Francesca Dillard', 3, '1968-02-17', '1-107-575-2628', 'hendrerit@Integerinmagna.co.uk', NULL, 'P3J 9S1', 'United Kingdom'),
(160, 'Basia Cash', 3, '1988-04-13', '1-617-483-7997', 'arcu@nec.co.uk', NULL, 'K4E 2I1', 'USA'),
(161, 'Beverly Jefferson', 2, '1983-06-23', '1-510-308-6647', 'leo.in@Donec.ca', NULL, 'Q7D 6X9', 'Germany'),
(162, 'Griffin Estes', 2, '1970-06-27', '1-723-693-5325', 'Quisque.ac.libero@miAliquamgravida.ca', NULL, 'P3E 5Y9', 'Germany'),
(163, 'Orli Burgess', 2, '1988-01-22', '1-129-353-2451', 'mauris.sapien@Sed.com', NULL, 'X3Y 4Q0', 'USA'),
(164, 'Jarrod Ashley', 3, '1967-04-06', '1-574-135-9306', 'gravida@ipsumCurabitur.net', NULL, 'I7M 3M8', 'Greece'),
(165, 'Belle Compton', 2, '1997-11-29', '1-390-345-5866', 'neque.tellus@at.org', NULL, 'E1H 1Z5', 'United Kingdom'),
(166, 'Quintessa Perez', 3, '1986-04-24', '1-239-879-0422', 'magnis.dis.parturient@Pellentesque.com', NULL, 'Q7B 1B4', 'USA'),
(167, 'Sacha Holland', 1, '1985-04-23', '1-249-224-8788', 'mollis.vitae@mauris.com', NULL, 'M8Z 9P7', 'Greece'),
(168, 'Judah Hatfield', 1, '1972-06-18', '1-485-681-8212', 'dictum.placerat.augue@aliquet.ca', NULL, 'L5G 0Z2', 'Germany'),
(169, 'Nora Henderson', 1, '1998-12-25', '1-143-722-7263', 'Integer.in.magna@nislNullaeu.co.uk', NULL, 'V2P 4I6', 'Germany'),
(170, 'Roth Clark', 2, '1982-02-19', '1-677-531-0943', 'laoreet@nulla.co.uk', NULL, 'T9S 2O3', 'USA'),
(171, 'Gregory Luna', 3, '1973-07-31', '1-939-975-6424', 'dignissim.Maecenas.ornare@hendreritaarcu.edu', NULL, 'M2C 9U9', 'Germany'),
(172, 'Luke Valencia', 3, '1979-03-28', '1-923-827-3018', 'Duis.mi.enim@duiquis.org', NULL, 'Z4X 4P7', 'Greece'),
(173, 'Lucy Velez', 3, '1977-04-12', '1-802-939-6080', 'elit.Etiam@odiosempercursus.co.uk', NULL, 'K3W 6O6', 'USA'),
(174, 'Zane Colon', 2, '1997-05-30', '1-931-238-0538', 'orci@ullamcorper.edu', NULL, 'W4X 6I0', 'Greece'),
(175, 'Elijah Hebert', 3, '1969-07-19', '1-330-483-0966', 'felis.purus@Ut.net', NULL, 'A1B 7Q7', 'Greece'),
(176, 'Orlando Greer', 1, '1996-03-17', '1-525-522-0232', 'ut.dolor@vitaenibhDonec.net', NULL, 'G8K 0G6', 'Germany'),
(177, 'Colleen Mccarthy', 3, '1994-03-09', '1-965-231-7370', 'vulputate.lacus@imperdiet.com', NULL, 'A2A 2C2', 'Greece'),
(178, 'Lance Hardy', 3, '1983-09-20', '1-932-581-8310', 'parturient.montes@ligulatortordictum.com', NULL, 'M0L 3P7', 'Greece'),
(179, 'Acton Lindsay', 2, '1986-09-12', '1-309-958-8255', 'Nunc.pulvinar.arcu@odiosemper.net', NULL, 'E9L 8K4', 'Greece'),
(180, 'Lavinia Bell', 3, '1964-04-02', '1-889-667-0988', 'enim.Suspendisse@estNunc.net', NULL, 'Y8Q 7D2', 'Germany'),
(181, 'Armand Shaw', 3, '1969-06-12', '1-411-606-1336', 'Cras@velitegestaslacinia.edu', NULL, 'P1L 2R9', 'Germany'),
(182, 'Price Watkins', 2, '1972-04-14', '1-905-337-0951', 'natoque.penatibus@Sedeunibh.ca', NULL, 'C3E 6V2', 'Germany'),
(183, 'Roanna Erickson', 3, '1998-09-14', '1-414-274-2294', 'Nunc.mauris@placerateget.edu', NULL, 'P4S 6B8', 'Germany'),
(184, 'Jarrod Solomon', 3, '1971-07-10', '1-968-949-9091', 'ipsum@velest.ca', NULL, 'Q6L 9T5', 'Greece'),
(185, 'Julian Lloyd', 1, '1964-12-08', '1-391-992-5177', 'neque@magnaPhasellusdolor.org', NULL, 'Q3U 4Q0', 'Germany'),
(186, 'Lesley Harmon', 3, '1974-03-24', '1-819-127-7688', 'porttitor@musProin.org', NULL, 'Y8S 8W7', 'USA'),
(187, 'Beck Watkins', 3, '1962-10-13', '1-533-173-1220', 'auctor.odio.a@acsemut.com', NULL, 'V4K 9T0', 'United Kingdom'),
(188, 'Noah Marshall', 3, '1977-03-20', '1-509-495-8113', 'congue@tellusidnunc.ca', NULL, 'V9M 8I9', 'United Kingdom'),
(189, 'Dalton Bonner', 1, '1995-07-25', '1-455-211-3318', 'rutrum.justo.Praesent@nisi.edu', NULL, 'P2D 0H3', 'United Kingdom'),
(190, 'Ivy Greene', 2, '1967-05-01', '1-188-837-5879', 'justo.Proin@montesnasceturridiculus.co.uk', NULL, 'H1I 7G3', 'USA'),
(191, 'Sierra Massey', 2, '1962-02-20', '1-814-129-0078', 'tempus@Proindolor.com', NULL, 'Y0C 7D0', 'Greece'),
(192, 'Quin Giles', 3, '1975-08-28', '1-234-681-2233', 'lectus.quis@vestibulumMauris.ca', NULL, 'X1D 3K4', 'Greece'),
(193, 'Uriel Mathews', 1, '1980-08-18', '1-526-306-8882', 'posuere@erateget.com', NULL, 'P2T 8G7', 'United Kingdom'),
(194, 'Mary Camacho', 2, '1988-11-26', '1-969-383-9845', 'lorem.sit.amet@aliquam.net', NULL, 'L0B 2B6', 'Germany'),
(195, 'Basia Little', 3, '1992-11-09', '1-830-717-9406', 'euismod.ac.fermentum@dolor.com', NULL, 'U8W 2G4', 'United Kingdom'),
(196, 'Quinlan Young', 2, '1975-10-02', '1-199-283-7070', 'et@etliberoProin.org', NULL, 'U1V 6K2', 'Greece'),
(197, 'Amena Osborn', 2, '1984-05-13', '1-834-258-2611', 'penatibus@dui.edu', NULL, 'U7K 7E8', 'Greece'),
(198, 'Martena Barton', 1, '1974-03-30', '1-660-702-1129', 'arcu.Sed.et@nascetur.edu', NULL, 'T8N 4A8', 'United Kingdom'),
(199, 'Nissim Mcgee', 2, '1990-07-02', '1-339-329-6979', 'eu.eros@amagnaLorem.com', NULL, 'R9A 7O5', 'Greece'),
(200, 'Ria Wells', 1, '1960-05-27', '1-425-307-2144', 'euismod@dignissimpharetra.org', NULL, 'W9X 0W5', 'Greece');

-- --------------------------------------------------------

--
-- Table structure for table `facility_room`
--

CREATE TABLE `facility_room` (
  `facility_id` int(5) NOT NULL,
  `site_id` int(5) NOT NULL,
  `service_id` int(5) NOT NULL
) ENGINE=InnoDB DEFAULT CHARSET=utf8mb4;

--
-- Dumping data for table `facility_room`
--

INSERT INTO `facility_room` (`facility_id`, `site_id`, `service_id`) VALUES
(1, 26, 1),
(2, 27, 1),
(3, 28, 1),
(4, 29, 1),
(5, 30, 1),
(6, 31, 1),
(7, 32, 2),
(8, 33, 2),
(9, 34, 2),
(10, 35, 2),
(11, 36, 3),
(12, 37, 3),
(13, 38, 3),
(14, 39, 3),
(15, 40, 3),
(16, 41, 3),
(17, 42, 3),
(18, 43, 3),
(19, 44, 3),
(20, 45, 3),
(21, 46, 4),
(22, 47, 4),
(23, 48, 4),
(24, 49, 4),
(25, 50, 5),
(26, 51, 5),
(27, 52, 5),
(28, 53, 5),
(29, 54, 5),
(30, 55, 5),
(31, 56, 5),
(32, 57, 5),
(33, 58, 5),
(34, 59, 5),
(35, 60, 6);

-- --------------------------------------------------------

--
-- Table structure for table `is_charged`
--

CREATE TABLE `is_charged` (
  `customer_id` int(5) NOT NULL,
  `service_id` int(5) NOT NULL,
  `date` datetime NOT NULL,
  `amount` float(5,2) NOT NULL
) ENGINE=InnoDB DEFAULT CHARSET=utf8mb4;

-- --------------------------------------------------------

--
-- Table structure for table `is_connected`
--

CREATE TABLE `is_connected` (
  `room_id1` int(5) NOT NULL,
  `room_id2` int(5) NOT NULL
) ENGINE=InnoDB DEFAULT CHARSET=utf8mb4;

-- --------------------------------------------------------

--
-- Table structure for table `is_registered`
--

CREATE TABLE `is_registered` (
  `customer_id` int(5) NOT NULL,
  `service_id` int(5) NOT NULL
) ENGINE=InnoDB DEFAULT CHARSET=utf8mb4;

-- --------------------------------------------------------

--
-- Table structure for table `room`
--

CREATE TABLE `room` (
  `room_id` int(5) NOT NULL,
  `site_id` int(5) NOT NULL
) ENGINE=InnoDB DEFAULT CHARSET=utf8mb4;

--
-- Dumping data for table `room`
--

INSERT INTO `room` (`room_id`, `site_id`) VALUES
(101, 101),
(102, 102),
(103, 103),
(104, 104),
(105, 105),
(106, 106),
(107, 107),
(108, 108),
(109, 109),
(110, 110),
(111, 111),
(112, 112),
(113, 113),
(114, 114),
(115, 115),
(116, 116),
(117, 117),
(118, 118),
(119, 119),
(120, 120),
(121, 121),
(122, 122),
(123, 123),
(124, 124),
(125, 125),
(126, 126),
(127, 127),
(128, 128),
(129, 129),
(130, 130),
(131, 131),
(132, 132),
(133, 133),
(134, 134),
(135, 135),
(136, 136),
(137, 137),
(138, 138),
(139, 139),
(140, 140),
(141, 141),
(142, 142),
(143, 143),
(144, 144),
(145, 145),
(146, 146),
(147, 147),
(148, 148),
(149, 149),
(150, 150),
(151, 151),
(152, 152),
(153, 153),
(154, 154),
(155, 155),
(156, 156),
(157, 157),
(158, 158),
(159, 159),
(160, 160),
(161, 161),
(162, 162),
(163, 163),
(164, 164),
(165, 165),
(166, 166),
(167, 167),
(168, 168),
(169, 169),
(170, 170),
(171, 171),
(172, 172),
(173, 173),
(174, 174),
(175, 175),
(176, 176),
(177, 177),
(178, 178),
(179, 179),
(180, 180),
(201, 201),
(202, 202),
(203, 203),
(204, 204),
(205, 205),
(206, 206),
(207, 207),
(208, 208),
(209, 209),
(210, 210),
(211, 211),
(212, 212),
(213, 213),
(214, 214),
(215, 215),
(216, 216),
(217, 217),
(218, 218),
(219, 219),
(220, 220),
(221, 221),
(222, 222),
(223, 223),
(224, 224),
(225, 225),
(226, 226),
(227, 227),
(228, 228),
(229, 229),
(230, 230),
(231, 231),
(232, 232),
(233, 233),
(234, 234),
(235, 235),
(236, 236),
(237, 237),
(238, 238),
(239, 239),
(240, 240),
(241, 241),
(242, 242),
(243, 243),
(244, 244),
(245, 245),
(246, 246),
(247, 247),
(248, 248),
(249, 249),
(250, 250),
(251, 251),
(252, 252),
(253, 253),
(254, 254),
(255, 255),
(256, 256),
(257, 257),
(258, 258),
(259, 259),
(260, 260),
(261, 261),
(262, 262),
(263, 263),
(264, 264),
(265, 265),
(266, 266),
(267, 267),
(268, 268),
(269, 269),
(270, 270),
(271, 271),
(272, 272),
(273, 273),
(274, 274),
(275, 275),
(276, 276),
(277, 277),
(278, 278),
(279, 279),
(280, 280),
(301, 301),
(302, 302),
(303, 303),
(304, 304),
(305, 305),
(306, 306),
(307, 307),
(308, 308),
(309, 309),
(310, 310),
(311, 311),
(312, 312),
(313, 313),
(314, 314),
(315, 315),
(316, 316),
(317, 317),
(318, 318),
(319, 319),
(320, 320),
(321, 321),
(322, 322),
(323, 323),
(324, 324),
(325, 325),
(326, 326),
(327, 327),
(328, 328),
(329, 329),
(330, 330),
(331, 331),
(332, 332),
(333, 333),
(334, 334),
(335, 335),
(336, 336),
(337, 337),
(338, 338),
(339, 339),
(340, 340),
(341, 341),
(342, 342),
(343, 343),
(344, 344),
(345, 345),
(346, 346),
(347, 347),
(348, 348),
(349, 349),
(350, 350),
(351, 351),
(352, 352),
(353, 353),
(354, 354),
(355, 355),
(356, 356),
(357, 357),
(358, 358),
(359, 359),
(360, 360),
(361, 361),
(362, 362),
(363, 363),
(364, 364),
(365, 365),
(366, 366),
(367, 367),
(368, 368),
(369, 369),
(370, 370),
(371, 371),
(372, 372),
(373, 373),
(374, 374),
(375, 375),
(376, 376),
(377, 377),
(378, 378),
(379, 379),
(380, 380),
(401, 401),
(402, 402),
(403, 403),
(404, 404),
(405, 405),
(406, 406),
(407, 407),
(408, 408),
(409, 409),
(410, 410),
(411, 411),
(412, 412),
(413, 413),
(414, 414),
(415, 415),
(416, 416),
(417, 417),
(418, 418),
(419, 419),
(420, 420),
(421, 421),
(422, 422),
(423, 423),
(424, 424),
(425, 425),
(426, 426),
(427, 427),
(428, 428),
(429, 429),
(430, 430),
(431, 431),
(432, 432),
(433, 433),
(434, 434),
(435, 435),
(436, 436),
(437, 437),
(438, 438),
(439, 439),
(440, 440),
(441, 441),
(442, 442),
(443, 443),
(444, 444),
(445, 445),
(446, 446),
(447, 447),
(448, 448),
(449, 449),
(450, 450),
(451, 451),
(452, 452),
(453, 453),
(454, 454),
(455, 455),
(456, 456),
(457, 457),
(458, 458),
(459, 459),
(460, 460),
(461, 461),
(462, 462),
(463, 463),
(464, 464),
(465, 465),
(466, 466),
(467, 467),
(468, 468),
(469, 469),
(470, 470),
(471, 471),
(472, 472),
(473, 473),
(474, 474),
(475, 475),
(476, 476),
(477, 477),
(478, 478),
(479, 479),
(480, 480),
(501, 501),
(502, 502),
(503, 503),
(504, 504),
(505, 505),
(506, 506),
(507, 507),
(508, 508),
(509, 509),
(510, 510),
(511, 511),
(512, 512),
(513, 513),
(514, 514),
(515, 515),
(516, 516),
(517, 517),
(518, 518),
(519, 519),
(520, 520),
(521, 521),
(522, 522),
(523, 523),
(524, 524),
(525, 525),
(526, 526),
(527, 527),
(528, 528),
(529, 529),
(530, 530),
(531, 531),
(532, 532),
(533, 533),
(534, 534),
(535, 535),
(536, 536),
(537, 537),
(538, 538),
(539, 539),
(540, 540),
(541, 541),
(542, 542),
(543, 543),
(544, 544),
(545, 545),
(546, 546),
(547, 547),
(548, 548),
(549, 549),
(550, 550),
(551, 551),
(552, 552),
(553, 553),
(554, 554),
(555, 555),
(556, 556),
(557, 557),
(558, 558),
(559, 559),
(560, 560),
(561, 561),
(562, 562),
(563, 563),
(564, 564),
(565, 565),
(566, 566),
(567, 567),
(568, 568),
(569, 569),
(570, 570),
(571, 571),
(572, 572),
(573, 573),
(574, 574),
(575, 575),
(576, 576),
(577, 577),
(578, 578),
(579, 579),
(580, 580);

-- --------------------------------------------------------

--
-- Table structure for table `service`
--

CREATE TABLE `service` (
  `service_id` int(5) NOT NULL,
  `name` varchar(20) NOT NULL,
  `category` varchar(25) NOT NULL
) ENGINE=InnoDB DEFAULT CHARSET=utf8mb4;

--
-- Dumping data for table `service`
--

INSERT INTO `service` (`service_id`, `name`, `category`) VALUES
(1, 'Bar', 'Food & Drink'),
(2, 'Restaurant', 'Food & Drink'),
(3, 'Conference Room', 'Work & Events'),
(4, 'Gym', 'Beauty & Health'),
(5, 'Sauna', 'Beauty & Health'),
(6, 'Salon', 'Beauty & Health');

-- --------------------------------------------------------

--
-- Table structure for table `site`
--

CREATE TABLE `site` (
  `site_id` int(5) NOT NULL,
  `name` varchar(30) NOT NULL,
  `floor` int(3) NOT NULL
) ENGINE=InnoDB DEFAULT CHARSET=utf8mb4;

--
-- Dumping data for table `site`
--

INSERT INTO `site` (`site_id`, `name`, `floor`) VALUES
(0, 'North Corridor 1', 1),
(1, 'East Corridor 1', 1),
(2, 'South Corridor 1', 1),
(3, 'West Corridor 1', 1),
(4, 'North Corridor 2', 2),
(5, 'East Corridor 2', 2),
(6, 'South Corridor 2', 2),
(7, 'West Corridor 2', 2),
(8, 'North Corridor 3', 3),
(9, 'East Corridor 3', 3),
(10, 'South Corridor 3', 3),
(11, 'West Corridor 3', 3),
(12, 'North Corridor 4', 4),
(13, 'East Corridor 4', 4),
(14, 'South Corridor 4', 4),
(15, 'West Corridor 4', 4),
(16, 'North Corridor 5', 5),
(17, 'East Corridor 5', 5),
(18, 'South Corridor 5', 5),
(19, 'West Corridor 5', 5),
(20, 'Reception', 0),
(21, 'Elevator 1', 0),
(22, 'Elevator 2', 0),
(23, 'Elevator 3', 0),
(24, 'Elevator 4', 0),
(25, 'Elevator 5', 0),
(26, 'Bar 1', 0),
(27, 'Bar 2', 0),
(28, 'Bar 3', 0),
(29, 'Bar 4', 0),
(30, 'Bar 5', 0),
(31, 'Bar 6', 0),
(32, 'Restaurant 1', 0),
(33, 'Restaurant 2', 0),
(34, 'Restaurant 3', 0),
(35, 'Restaurant 4', 0),
(36, 'Conference Room 1', 0),
(37, 'Conference Room 2', 0),
(38, 'Conference Room 3', 0),
(39, 'Conference Room 4', 0),
(40, 'Conference Room 5', 0),
(41, 'Conference Room 6', 0),
(42, 'Conference Room 7', 0),
(43, 'Conference Room 8', 0),
(44, 'Conference Room 9', 0),
(45, 'Conference Room 10', 0),
(46, 'Gym 1', 0),
(47, 'Gym 2', 0),
(48, 'Gym 3', 0),
(49, 'Gym 4', 0),
(50, 'Sauna 1', 0),
(51, 'Sauna 2', 0),
(52, 'Sauna 3', 0),
(53, 'Sauna 4', 0),
(54, 'Sauna 5', 0),
(55, 'Sauna 6', 0),
(56, 'Sauna 7', 0),
(57, 'Sauna 8', 0),
(58, 'Sauna 9', 0),
(59, 'Sauna 10', 0),
(60, 'Salon 1', 0),
(101, 'Room 101', 1),
(102, 'Room 102', 1),
(103, 'Room 103', 1),
(104, 'Room 104', 1),
(105, 'Room 105', 1),
(106, 'Room 106', 1),
(107, 'Room 107', 1),
(108, 'Room 108', 1),
(109, 'Room 109', 1),
(110, 'Room 110', 1),
(111, 'Room 111', 1),
(112, 'Room 112', 1),
(113, 'Room 113', 1),
(114, 'Room 114', 1),
(115, 'Room 115', 1),
(116, 'Room 116', 1),
(117, 'Room 117', 1),
(118, 'Room 118', 1),
(119, 'Room 119', 1),
(120, 'Room 120', 1),
(121, 'Room 121', 1),
(122, 'Room 122', 1),
(123, 'Room 123', 1),
(124, 'Room 124', 1),
(125, 'Room 125', 1),
(126, 'Room 126', 1),
(127, 'Room 127', 1),
(128, 'Room 128', 1),
(129, 'Room 129', 1),
(130, 'Room 130', 1),
(131, 'Room 131', 1),
(132, 'Room 132', 1),
(133, 'Room 133', 1),
(134, 'Room 134', 1),
(135, 'Room 135', 1),
(136, 'Room 136', 1),
(137, 'Room 137', 1),
(138, 'Room 138', 1),
(139, 'Room 139', 1),
(140, 'Room 140', 1),
(141, 'Room 141', 1),
(142, 'Room 142', 1),
(143, 'Room 143', 1),
(144, 'Room 144', 1),
(145, 'Room 145', 1),
(146, 'Room 146', 1),
(147, 'Room 147', 1),
(148, 'Room 148', 1),
(149, 'Room 149', 1),
(150, 'Room 150', 1),
(151, 'Room 151', 1),
(152, 'Room 152', 1),
(153, 'Room 153', 1),
(154, 'Room 154', 1),
(155, 'Room 155', 1),
(156, 'Room 156', 1),
(157, 'Room 157', 1),
(158, 'Room 158', 1),
(159, 'Room 159', 1),
(160, 'Room 160', 1),
(161, 'Room 161', 1),
(162, 'Room 162', 1),
(163, 'Room 163', 1),
(164, 'Room 164', 1),
(165, 'Room 165', 1),
(166, 'Room 166', 1),
(167, 'Room 167', 1),
(168, 'Room 168', 1),
(169, 'Room 169', 1),
(170, 'Room 170', 1),
(171, 'Room 171', 1),
(172, 'Room 172', 1),
(173, 'Room 173', 1),
(174, 'Room 174', 1),
(175, 'Room 175', 1),
(176, 'Room 176', 1),
(177, 'Room 177', 1),
(178, 'Room 178', 1),
(179, 'Room 179', 1),
(180, 'Room 180', 1),
(201, 'Room 201', 2),
(202, 'Room 202', 2),
(203, 'Room 203', 2),
(204, 'Room 204', 2),
(205, 'Room 205', 2),
(206, 'Room 206', 2),
(207, 'Room 207', 2),
(208, 'Room 208', 2),
(209, 'Room 209', 2),
(210, 'Room 210', 2),
(211, 'Room 211', 2),
(212, 'Room 212', 2),
(213, 'Room 213', 2),
(214, 'Room 214', 2),
(215, 'Room 215', 2),
(216, 'Room 216', 2),
(217, 'Room 217', 2),
(218, 'Room 218', 2),
(219, 'Room 219', 2),
(220, 'Room 220', 2),
(221, 'Room 221', 2),
(222, 'Room 222', 2),
(223, 'Room 223', 2),
(224, 'Room 224', 2),
(225, 'Room 225', 2),
(226, 'Room 226', 2),
(227, 'Room 227', 2),
(228, 'Room 228', 2),
(229, 'Room 229', 2),
(230, 'Room 230', 2),
(231, 'Room 231', 2),
(232, 'Room 232', 2),
(233, 'Room 233', 2),
(234, 'Room 234', 2),
(235, 'Room 235', 2),
(236, 'Room 236', 2),
(237, 'Room 237', 2),
(238, 'Room 238', 2),
(239, 'Room 239', 2),
(240, 'Room 240', 2),
(241, 'Room 241', 2),
(242, 'Room 242', 2),
(243, 'Room 243', 2),
(244, 'Room 244', 2),
(245, 'Room 245', 2),
(246, 'Room 246', 2),
(247, 'Room 247', 2),
(248, 'Room 248', 2),
(249, 'Room 249', 2),
(250, 'Room 250', 2),
(251, 'Room 251', 2),
(252, 'Room 252', 2),
(253, 'Room 253', 2),
(254, 'Room 254', 2),
(255, 'Room 255', 2),
(256, 'Room 256', 2),
(257, 'Room 257', 2),
(258, 'Room 258', 2),
(259, 'Room 259', 2),
(260, 'Room 260', 2),
(261, 'Room 261', 2),
(262, 'Room 262', 2),
(263, 'Room 263', 2),
(264, 'Room 264', 2),
(265, 'Room 265', 2),
(266, 'Room 266', 2),
(267, 'Room 267', 2),
(268, 'Room 268', 2),
(269, 'Room 269', 2),
(270, 'Room 270', 2),
(271, 'Room 271', 2),
(272, 'Room 272', 2),
(273, 'Room 273', 2),
(274, 'Room 274', 2),
(275, 'Room 275', 2),
(276, 'Room 276', 2),
(277, 'Room 277', 2),
(278, 'Room 278', 2),
(279, 'Room 279', 2),
(280, 'Room 280', 2),
(301, 'Room 301', 3),
(302, 'Room 302', 3),
(303, 'Room 303', 3),
(304, 'Room 304', 3),
(305, 'Room 305', 3),
(306, 'Room 306', 3),
(307, 'Room 307', 3),
(308, 'Room 308', 3),
(309, 'Room 309', 3),
(310, 'Room 310', 3),
(311, 'Room 311', 3),
(312, 'Room 312', 3),
(313, 'Room 313', 3),
(314, 'Room 314', 3),
(315, 'Room 315', 3),
(316, 'Room 316', 3),
(317, 'Room 317', 3),
(318, 'Room 318', 3),
(319, 'Room 319', 3),
(320, 'Room 320', 3),
(321, 'Room 321', 3),
(322, 'Room 322', 3),
(323, 'Room 323', 3),
(324, 'Room 324', 3),
(325, 'Room 325', 3),
(326, 'Room 326', 3),
(327, 'Room 327', 3),
(328, 'Room 328', 3),
(329, 'Room 329', 3),
(330, 'Room 330', 3),
(331, 'Room 331', 3),
(332, 'Room 332', 3),
(333, 'Room 333', 3),
(334, 'Room 334', 3),
(335, 'Room 335', 3),
(336, 'Room 336', 3),
(337, 'Room 337', 3),
(338, 'Room 338', 3),
(339, 'Room 339', 3),
(340, 'Room 340', 3),
(341, 'Room 341', 3),
(342, 'Room 342', 3),
(343, 'Room 343', 3),
(344, 'Room 344', 3),
(345, 'Room 345', 3),
(346, 'Room 346', 3),
(347, 'Room 347', 3),
(348, 'Room 348', 3),
(349, 'Room 349', 3),
(350, 'Room 350', 3),
(351, 'Room 351', 3),
(352, 'Room 352', 3),
(353, 'Room 353', 3),
(354, 'Room 354', 3),
(355, 'Room 355', 3),
(356, 'Room 356', 3),
(357, 'Room 357', 3),
(358, 'Room 358', 3),
(359, 'Room 359', 3),
(360, 'Room 360', 3),
(361, 'Room 361', 3),
(362, 'Room 362', 3),
(363, 'Room 363', 3),
(364, 'Room 364', 3),
(365, 'Room 365', 3),
(366, 'Room 366', 3),
(367, 'Room 367', 3),
(368, 'Room 368', 3),
(369, 'Room 369', 3),
(370, 'Room 370', 3),
(371, 'Room 371', 3),
(372, 'Room 372', 3),
(373, 'Room 373', 3),
(374, 'Room 374', 3),
(375, 'Room 375', 3),
(376, 'Room 376', 3),
(377, 'Room 377', 3),
(378, 'Room 378', 3),
(379, 'Room 379', 3),
(380, 'Room 380', 3),
(401, 'Room 401', 4),
(402, 'Room 402', 4),
(403, 'Room 403', 4),
(404, 'Room 404', 4),
(405, 'Room 405', 4),
(406, 'Room 406', 4),
(407, 'Room 407', 4),
(408, 'Room 408', 4),
(409, 'Room 409', 4),
(410, 'Room 410', 4),
(411, 'Room 411', 4),
(412, 'Room 412', 4),
(413, 'Room 413', 4),
(414, 'Room 414', 4),
(415, 'Room 415', 4),
(416, 'Room 416', 4),
(417, 'Room 417', 4),
(418, 'Room 418', 4),
(419, 'Room 419', 4),
(420, 'Room 420', 4),
(421, 'Room 421', 4),
(422, 'Room 422', 4),
(423, 'Room 423', 4),
(424, 'Room 424', 4),
(425, 'Room 425', 4),
(426, 'Room 426', 4),
(427, 'Room 427', 4),
(428, 'Room 428', 4),
(429, 'Room 429', 4),
(430, 'Room 430', 4),
(431, 'Room 431', 4),
(432, 'Room 432', 4),
(433, 'Room 433', 4),
(434, 'Room 434', 4),
(435, 'Room 435', 4),
(436, 'Room 436', 4),
(437, 'Room 437', 4),
(438, 'Room 438', 4),
(439, 'Room 439', 4),
(440, 'Room 440', 4),
(441, 'Room 441', 4),
(442, 'Room 442', 4),
(443, 'Room 443', 4),
(444, 'Room 444', 4),
(445, 'Room 445', 4),
(446, 'Room 446', 4),
(447, 'Room 447', 4),
(448, 'Room 448', 4),
(449, 'Room 449', 4),
(450, 'Room 450', 4),
(451, 'Room 451', 4),
(452, 'Room 452', 4),
(453, 'Room 453', 4),
(454, 'Room 454', 4),
(455, 'Room 455', 4),
(456, 'Room 456', 4),
(457, 'Room 457', 4),
(458, 'Room 458', 4),
(459, 'Room 459', 4),
(460, 'Room 460', 4),
(461, 'Room 461', 4),
(462, 'Room 462', 4),
(463, 'Room 463', 4),
(464, 'Room 464', 4),
(465, 'Room 465', 4),
(466, 'Room 466', 4),
(467, 'Room 467', 4),
(468, 'Room 468', 4),
(469, 'Room 469', 4),
(470, 'Room 470', 4),
(471, 'Room 471', 4),
(472, 'Room 472', 4),
(473, 'Room 473', 4),
(474, 'Room 474', 4),
(475, 'Room 475', 4),
(476, 'Room 476', 4),
(477, 'Room 477', 4),
(478, 'Room 478', 4),
(479, 'Room 479', 4),
(480, 'Room 480', 4),
(501, 'Room 501', 5),
(502, 'Room 502', 5),
(503, 'Room 503', 5),
(504, 'Room 504', 5),
(505, 'Room 505', 5),
(506, 'Room 506', 5),
(507, 'Room 507', 5),
(508, 'Room 508', 5),
(509, 'Room 509', 5),
(510, 'Room 510', 5),
(511, 'Room 511', 5),
(512, 'Room 512', 5),
(513, 'Room 513', 5),
(514, 'Room 514', 5),
(515, 'Room 515', 5),
(516, 'Room 516', 5),
(517, 'Room 517', 5),
(518, 'Room 518', 5),
(519, 'Room 519', 5),
(520, 'Room 520', 5),
(521, 'Room 521', 5),
(522, 'Room 522', 5),
(523, 'Room 523', 5),
(524, 'Room 524', 5),
(525, 'Room 525', 5),
(526, 'Room 526', 5),
(527, 'Room 527', 5),
(528, 'Room 528', 5),
(529, 'Room 529', 5),
(530, 'Room 530', 5),
(531, 'Room 531', 5),
(532, 'Room 532', 5),
(533, 'Room 533', 5),
(534, 'Room 534', 5),
(535, 'Room 535', 5),
(536, 'Room 536', 5),
(537, 'Room 537', 5),
(538, 'Room 538', 5),
(539, 'Room 539', 5),
(540, 'Room 540', 5),
(541, 'Room 541', 5),
(542, 'Room 542', 5),
(543, 'Room 543', 5),
(544, 'Room 544', 5),
(545, 'Room 545', 5),
(546, 'Room 546', 5),
(547, 'Room 547', 5),
(548, 'Room 548', 5),
(549, 'Room 549', 5),
(550, 'Room 550', 5),
(551, 'Room 551', 5),
(552, 'Room 552', 5),
(553, 'Room 553', 5),
(554, 'Room 554', 5),
(555, 'Room 555', 5),
(556, 'Room 556', 5),
(557, 'Room 557', 5),
(558, 'Room 558', 5),
(559, 'Room 559', 5),
(560, 'Room 560', 5),
(561, 'Room 561', 5),
(562, 'Room 562', 5),
(563, 'Room 563', 5),
(564, 'Room 564', 5),
(565, 'Room 565', 5),
(566, 'Room 566', 5),
(567, 'Room 567', 5),
(568, 'Room 568', 5),
(569, 'Room 569', 5),
(570, 'Room 570', 5),
(571, 'Room 571', 5),
(572, 'Room 572', 5),
(573, 'Room 573', 5),
(574, 'Room 574', 5),
(575, 'Room 575', 5),
(576, 'Room 576', 5),
(577, 'Room 577', 5),
(578, 'Room 578', 5),
(579, 'Room 579', 5),
(580, 'Room 580', 5);

-- --------------------------------------------------------

--
-- Table structure for table `stays`
--

CREATE TABLE `stays` (
  `customer_id` int(5) NOT NULL,
  `room_id` int(5) NOT NULL,
  `datefrom` date NOT NULL,
  `dateto` date NOT NULL
) ENGINE=InnoDB DEFAULT CHARSET=utf8mb4;

--
-- Dumping data for table `stays`
--

INSERT INTO `stays` (`customer_id`, `room_id`, `datefrom`, `dateto`) VALUES
(1, 101, '2022-03-19', '2020-05-18'),
(2, 103, '2020-08-05', '2021-11-04'),
(3, 105, '2020-09-21', '2021-02-22'),
(4, 107, '2021-07-08', '2021-09-04'),
(5, 109, '2021-11-01', '2020-07-27'),
(6, 111, '2022-02-08', '2021-04-14'),
(7, 113, '2020-07-05', '2020-08-11'),
(8, 115, '2020-06-27', '2022-02-10'),
(9, 117, '2020-11-15', '2021-10-17'),
(10, 119, '2020-12-24', '2021-10-02'),
(11, 121, '2021-12-29', '2021-01-06'),
(12, 123, '2021-03-16', '2020-10-08'),
(13, 125, '2022-01-19', '2022-03-26'),
(14, 127, '2021-02-15', '2021-05-02'),
(15, 129, '2020-07-17', '2022-05-04'),
(16, 131, '2021-02-28', '2022-04-22'),
(17, 133, '2020-09-24', '2020-08-06'),
(18, 135, '2021-09-26', '2021-02-11'),
(19, 137, '2020-10-18', '2020-05-16'),
(20, 139, '2020-06-10', '2022-04-04'),
(21, 141, '2020-07-15', '2020-12-20'),
(22, 143, '2021-11-09', '2022-02-26'),
(23, 145, '2020-06-16', '2021-12-25'),
(24, 147, '2021-04-10', '2022-04-09'),
(25, 149, '2021-06-18', '2021-03-14'),
(26, 151, '2021-07-23', '2020-06-28'),
(27, 153, '2021-01-19', '2020-11-22'),
(28, 155, '2020-11-10', '2021-10-10'),
(29, 157, '2020-10-28', '2020-11-23'),
(30, 159, '2022-01-28', '2021-09-23'),
(31, 161, '2022-01-07', '2021-04-16'),
(32, 163, '2022-03-17', '2021-04-03'),
(33, 165, '2020-05-13', '2021-07-27'),
(34, 167, '2021-08-18', '2021-06-23'),
(35, 169, '2020-06-26', '2020-12-25'),
(36, 171, '2020-06-08', '2020-10-21'),
(37, 173, '2020-08-25', '2021-08-17'),
(38, 175, '2021-08-07', '2020-08-28'),
(39, 177, '2021-10-29', '2021-05-07'),
(40, 179, '2021-04-10', '2021-03-30'),
(41, 201, '2021-08-15', '2021-06-03'),
(42, 203, '2020-12-13', '2022-01-26'),
(43, 205, '2020-09-11', '2022-01-20'),
(44, 207, '2021-11-21', '2021-07-30'),
(45, 209, '2022-04-11', '2020-11-02'),
(46, 211, '2020-09-11', '2021-08-28'),
(47, 213, '2020-09-21', '2021-12-01'),
(48, 215, '2021-03-24', '2021-08-05'),
(49, 217, '2021-07-16', '2022-04-20'),
(50, 219, '2021-01-31', '2020-04-29'),
(51, 221, '2020-08-26', '2022-04-09'),
(52, 223, '2022-01-12', '2020-11-12'),
(53, 225, '2020-09-13', '2021-02-04'),
(54, 227, '2021-06-03', '2021-07-24'),
(55, 229, '2021-12-12', '2021-08-19'),
(56, 231, '2020-08-30', '2021-11-02'),
(57, 233, '2021-10-30', '2020-07-28'),
(58, 235, '2021-08-28', '2021-01-18'),
(59, 237, '2022-01-12', '2022-04-08'),
(60, 239, '2021-07-29', '2021-12-02'),
(61, 241, '2020-08-15', '2022-01-23'),
(62, 243, '2020-11-22', '2021-10-07'),
(63, 245, '2021-06-27', '2021-08-29'),
(64, 247, '2021-08-09', '2022-03-24'),
(65, 249, '2020-08-24', '2021-11-27'),
(66, 251, '2021-05-11', '2021-08-12'),
(67, 253, '2020-06-20', '2021-02-20'),
(68, 255, '2021-01-26', '2021-01-13'),
(69, 257, '2021-08-27', '2020-06-06'),
(70, 259, '2021-01-25', '2020-05-20'),
(71, 261, '2020-07-21', '2022-05-02'),
(72, 263, '2021-01-07', '2021-12-02'),
(73, 265, '2021-06-14', '2021-09-20'),
(74, 267, '2022-02-14', '2021-04-07'),
(75, 269, '2020-08-30', '2021-11-22'),
(76, 271, '2022-02-22', '2021-08-04'),
(77, 273, '2020-12-21', '2020-10-31'),
(78, 275, '2021-12-15', '2022-01-02'),
(79, 277, '2021-06-16', '2021-04-17'),
(80, 279, '2022-02-05', '2022-01-22'),
(81, 301, '2020-12-20', '2022-01-09'),
(82, 303, '2021-11-10', '2022-03-25'),
(83, 305, '2021-06-05', '2021-11-04'),
(84, 307, '2021-07-02', '2021-10-16'),
(85, 309, '2021-05-27', '2021-06-09'),
(86, 311, '2021-07-05', '2020-07-18'),
(87, 313, '2021-02-17', '2021-10-13'),
(88, 315, '2020-10-05', '2021-04-24'),
(89, 317, '2020-05-10', '2020-08-04'),
(90, 319, '2020-11-05', '2021-01-11'),
(91, 321, '2021-03-22', '2021-11-27'),
(92, 323, '2022-03-27', '2021-02-06'),
(93, 325, '2021-09-01', '2021-10-12'),
(94, 327, '2021-07-15', '2021-11-16'),
(95, 329, '2022-02-10', '2021-09-19'),
(96, 331, '2021-05-05', '2020-09-23'),
(97, 333, '2021-03-06', '2021-05-12'),
(98, 335, '2020-05-10', '2020-07-04'),
(99, 337, '2022-03-26', '2021-09-17'),
(100, 339, '2021-04-27', '2021-04-17'),
(101, 341, '2022-01-12', '2022-02-16'),
(102, 343, '2021-11-13', '2020-08-14'),
(103, 345, '2022-01-08', '2021-11-29'),
(104, 347, '2020-08-26', '2021-04-15'),
(105, 349, '2021-04-20', '2020-12-14'),
(106, 351, '2022-03-31', '2020-06-23'),
(107, 353, '2021-09-09', '2021-10-15'),
(108, 355, '2021-12-04', '2021-03-19'),
(109, 357, '2021-08-21', '2021-07-04'),
(110, 359, '2020-10-08', '2020-05-24'),
(111, 361, '2020-08-25', '2020-08-07'),
(112, 363, '2021-01-30', '2021-10-24'),
(113, 365, '2022-04-18', '2020-12-22'),
(114, 367, '2021-01-17', '2021-04-26'),
(115, 369, '2020-10-20', '2022-03-25'),
(116, 371, '2021-11-08', '2021-02-24'),
(117, 373, '2020-07-26', '2021-05-05'),
(118, 375, '2021-05-19', '2021-01-16'),
(119, 377, '2020-07-28', '2021-12-13'),
(120, 379, '2020-07-30', '2022-03-15'),
(121, 401, '2020-11-23', '2021-05-15'),
(122, 403, '2021-05-28', '2020-05-08'),
(123, 405, '2020-06-02', '2020-04-29'),
(124, 407, '2020-05-31', '2022-04-15'),
(125, 409, '2020-08-02', '2020-12-04'),
(126, 411, '2020-06-06', '2020-11-18'),
(127, 413, '2021-11-28', '2020-09-22'),
(128, 415, '2021-12-25', '2020-10-10'),
(129, 417, '2021-10-19', '2021-02-17'),
(130, 419, '2020-08-04', '2021-06-15'),
(131, 421, '2021-01-18', '2020-08-29'),
(132, 423, '2020-09-10', '2021-06-02'),
(133, 425, '2021-04-22', '2020-06-25'),
(134, 427, '2022-03-16', '2020-05-22'),
(135, 429, '2022-01-10', '2020-06-08'),
(136, 431, '2020-11-03', '2021-12-21'),
(137, 433, '2021-06-03', '2020-04-28'),
(138, 435, '2021-11-16', '2020-11-18'),
(139, 437, '2021-01-31', '2021-03-10'),
(140, 439, '2021-04-11', '2022-02-09'),
(141, 441, '2021-12-06', '2022-04-10'),
(142, 443, '2020-10-11', '2021-11-01'),
(143, 445, '2021-06-10', '2021-03-02'),
(144, 447, '2021-12-29', '2021-05-20'),
(145, 449, '2020-06-09', '2021-06-17'),
(146, 451, '2021-02-23', '2022-01-20'),
(147, 453, '2021-03-11', '2021-01-10'),
(148, 455, '2021-09-24', '2020-12-28'),
(149, 457, '2021-06-30', '2022-03-26'),
(150, 459, '2022-05-06', '2021-01-17'),
(151, 461, '2021-10-05', '2021-04-28'),
(152, 463, '2021-09-12', '2020-07-26'),
(153, 465, '2021-06-18', '2020-10-12'),
(154, 467, '2022-03-16', '2020-11-23'),
(155, 469, '2021-01-07', '2020-06-26'),
(156, 471, '2020-12-10', '2021-12-04'),
(157, 473, '2021-07-23', '2022-04-24'),
(158, 475, '2021-05-22', '2020-06-26'),
(159, 477, '2020-12-22', '2022-02-09'),
(160, 479, '2022-03-09', '2020-10-26'),
(161, 501, '2021-12-03', '2022-05-02'),
(162, 503, '2022-01-18', '2021-07-11'),
(163, 505, '2022-03-13', '2020-09-21'),
(164, 507, '2020-07-31', '2020-11-22'),
(165, 509, '2020-09-15', '2020-12-14'),
(166, 511, '2021-04-05', '2021-07-09'),
(167, 513, '2021-07-15', '2021-01-24'),
(168, 515, '2021-10-08', '2021-12-29'),
(169, 517, '2022-01-31', '2020-12-30'),
(170, 519, '2020-08-13', '2020-10-26'),
(171, 521, '2020-11-17', '2021-02-05'),
(172, 523, '2021-09-02', '2020-07-13'),
(173, 525, '2020-11-20', '2021-07-31'),
(174, 527, '2021-11-05', '2021-10-25'),
(175, 529, '2022-04-13', '2021-01-21'),
(176, 531, '2022-03-23', '2021-11-12'),
(177, 533, '2021-11-04', '2020-09-05'),
(178, 535, '2020-12-12', '2021-09-07'),
(179, 537, '2021-03-29', '2020-06-25'),
(180, 539, '2022-01-22', '2020-10-05'),
(181, 541, '2022-05-03', '2022-01-01'),
(182, 543, '2020-10-07', '2020-07-04'),
(183, 545, '2022-01-20', '2021-05-18'),
(184, 547, '2021-08-21', '2022-03-11'),
(185, 549, '2021-09-21', '2021-02-01'),
(186, 551, '2020-12-24', '2022-01-04'),
(187, 553, '2021-12-29', '2021-09-20'),
(188, 555, '2020-12-14', '2021-03-14'),
(189, 557, '2020-10-14', '2020-08-25'),
(190, 559, '2021-12-28', '2020-12-18'),
(191, 561, '2021-02-17', '2021-08-11'),
(192, 563, '2021-01-04', '2021-11-09'),
(193, 565, '2022-04-07', '2021-10-12'),
(194, 567, '2021-12-02', '2022-01-23'),
(195, 569, '2022-02-08', '2021-07-07'),
(196, 571, '2021-09-25', '2021-01-14'),
(197, 573, '2021-01-17', '2020-11-03'),
(198, 575, '2021-08-29', '2021-03-29'),
(199, 577, '2021-01-27', '2021-02-24'),
(200, 579, '2022-03-27', '2021-07-14');

-- --------------------------------------------------------

--
-- Table structure for table `visited`
--

CREATE TABLE `visited` (
  `customer_id` int(5) NOT NULL,
  `site_id` int(5) NOT NULL,
  `arrival` datetime NOT NULL,
  `departure` datetime NOT NULL
) ENGINE=InnoDB DEFAULT CHARSET=utf8mb4;

--
-- Indexes for dumped tables
--

--
-- Indexes for table `customer`
--
ALTER TABLE `customer`
  ADD PRIMARY KEY (`customer_id`);

--
-- Indexes for table `facility_room`
--
ALTER TABLE `facility_room`
  ADD PRIMARY KEY (`facility_id`);

--
-- Indexes for table `room`
--
ALTER TABLE `room`
  ADD PRIMARY KEY (`room_id`);

--
-- Indexes for table `service`
--
ALTER TABLE `service`
  ADD PRIMARY KEY (`service_id`);

--
-- Indexes for table `site`
--
ALTER TABLE `site`
  ADD PRIMARY KEY (`site_id`);

--
-- Indexes for table `stays`
--
ALTER TABLE `stays`
  ADD PRIMARY KEY (`customer_id`,`room_id`);
COMMIT;

/*!40101 SET CHARACTER_SET_CLIENT=@OLD_CHARACTER_SET_CLIENT */;
/*!40101 SET CHARACTER_SET_RESULTS=@OLD_CHARACTER_SET_RESULTS */;
/*!40101 SET COLLATION_CONNECTION=@OLD_COLLATION_CONNECTION */;
